Time (%),Total Time (ns),Instances,Avg (ns),Med (ns),Min (ns),Max (ns),StdDev (ns),Name
32.2,4541248668,16000,283828.0,270634.0,53919,805262,193376.7,"void cub::CUB_300001_SM_890::detail::radix_sort::DeviceRadixSortDownsweepKernel<cub::CUB_300001_SM_890::detail::radix::policy_hub<unsigned char, cuda::std::__4::tuple<ShadeableIntersection, PathSegment>, unsigned long long>::Policy1000, (bool)1, (cub::CUB_300001_SM_890::SortOrder)0, unsigned char, cuda::std::__4::tuple<ShadeableIntersection, PathSegment>, unsigned long long, cub::CUB_300001_SM_890::detail::identity_decomposer_t>(const T4 *, T4 *, const T5 *, T5 *, T6 *, T6, int, int, cub::CUB_300001_SM_890::GridEvenShare<T6>, T7)"
17.3,2438757464,8000,304844.7,280410.0,50590,819278,214372.9,"void cub::CUB_300001_SM_890::detail::transform::transform_kernel<cub::CUB_300001_SM_890::detail::transform::policy_hub<(bool)1, cuda::std::__4::tuple<thrust::THRUST_300001_SM_890_NS::zip_iterator<cuda::std::__4::tuple<ShadeableIntersection *, PathSegment *>>>>::policy1000, int, cuda::std::__4::__identity, thrust::THRUST_300001_SM_890_NS::pointer<cuda::std::__4::tuple<ShadeableIntersection, PathSegment>, thrust::THRUST_300001_SM_890_NS::cuda_cub::execute_on_stream_nosync, thrust::THRUST_300001_SM_890_NS::use_default, thrust::THRUST_300001_SM_890_NS::use_default>, thrust::THRUST_300001_SM_890_NS::zip_iterator<cuda::std::__4::tuple<ShadeableIntersection *, PathSegment *>>>(T2, int, T3, T4, cub::CUB_300001_SM_890::detail::transform::kernel_arg<T5>...)"
16.2,2278751200,8000,284843.9,281545.5,48575,671153,192630.6,"shade_material(int, int, int, const ShadeableIntersection *, const unsigned char *, PathSegment *, ShadowRay *, const Material *, LightSampler, const Geom *, glm::vec<(int)3, float, (glm::qualifier)0> *)"
12.4,1748680102,8000,218585.0,213947.5,41119,613555,148940.8,"void cub::CUB_300001_SM_890::detail::transform::transform_kernel<cub::CUB_300001_SM_890::detail::transform::policy_hub<(bool)1, cuda::std::__4::tuple<thrust::THRUST_300001_SM_890_NS::detail::normal_iterator<thrust::THRUST_300001_SM_890_NS::pointer<cuda::std::__4::tuple<ShadeableIntersection, PathSegment>, thrust::THRUST_300001_SM_890_NS::cuda_cub::execute_on_stream_nosync, thrust::THRUST_300001_SM_890_NS::use_default, thrust::THRUST_300001_SM_890_NS::use_default>>>>::policy1000, int, cuda::std::__4::__identity, thrust::THRUST_300001_SM_890_NS::zip_iterator<cuda::std::__4::tuple<ShadeableIntersection *, PathSegment *>>, cuda::std::__4::tuple<ShadeableIntersection, PathSegment> *>(T2, int, T3, T4, cub::CUB_300001_SM_890::detail::transform::kernel_arg<T5>...)"
7.0,988340788,8000,123542.6,113741.5,6272,385591,95018.3,"void cub::CUB_300001_SM_890::detail::select::DeviceSelectSweepKernel<cub::CUB_300001_SM_890::detail::select::policy_hub<PathSegment, cub::CUB_300001_SM_890::NullType, int, (bool)0, (cub::CUB_300001_SM_890::SelectImpl)1>::Policy1000, PathSegment *, cub::CUB_300001_SM_890::NullType *, PathSegment *, long long *, cub::CUB_300001_SM_890::ScanTileState<int, (bool)1>, cuda::std::__4::__not_fn_t<IsPathTerminated>, cub::CUB_300001_SM_890::NullType, int, cub::CUB_300001_SM_890::detail::select::streaming_context_t<long long, (bool)1>, (cub::CUB_300001_SM_890::SelectImpl)1>(T2, T3, T4, T5, T6, T7, T8, T9, int, T10, cub::CUB_300001_SM_890::detail::vsmem_t)"
5.1,723814367,8000,90476.8,83374.0,17536,238650,63368.4,"compute_intersections(int, const PathSegment *, const Geom *, int, ShadeableIntersection *, unsigned char *)"
4.6,643381728,8000,80422.7,78718.5,15071,211132,51738.9,"trace_shadow_rays(int, int, ShadowRay *, const Geom *, glm::vec<(int)3, float, (glm::qualifier)0> *)"
3.2,453040898,1000,453040.9,452661.5,401751,537812,13569.4,"gen_ray_from_cam(CameraData, int, int, PathSegment *)"
0.8,107242963,16000,6702.7,7776.0,2176,13728,3040.4,"void cub::CUB_300001_SM_890::detail::radix_sort::DeviceRadixSortUpsweepKernel<cub::CUB_300001_SM_890::detail::radix::policy_hub<unsigned char, cuda::std::__4::tuple<ShadeableIntersection, PathSegment>, unsigned long long>::Policy1000, (bool)1, (cub::CUB_300001_SM_890::SortOrder)0, unsigned char, unsigned long long, cub::CUB_300001_SM_890::detail::identity_decomposer_t>(const T4 *, T5 *, T5, int, int, cub::CUB_300001_SM_890::GridEvenShare<T5>, T6)"
0.5,71026775,1000,71026.8,70943.0,67454,96222,1720.0,"send_image_to_pbo(uchar4 *, glm::vec<(int)2, int, (glm::qualifier)0>, int, glm::vec<(int)3, float, (glm::qualifier)0> *, bool)"
0.4,57364882,16000,3585.3,4192.0,2080,5760,966.1,"void cub::CUB_300001_SM_890::detail::radix_sort::RadixSortScanBinsKernel<cub::CUB_300001_SM_890::detail::radix::policy_hub<unsigned char, cuda::std::__4::tuple<ShadeableIntersection, PathSegment>, unsigned long long>::Policy1000, unsigned long long>(T2 *, int)"
0.2,32068426,8000,4008.6,4000.0,2399,6720,1193.9,"void cub::CUB_300001_SM_890::detail::for_each::static_kernel<cub::CUB_300001_SM_890::detail::for_each::policy_hub_t::policy_500_t, long long, cub::CUB_300001_SM_890::detail::for_each::op_wrapper_t<long long, thrust::THRUST_300001_SM_890_NS::system::detail::generic::detail::binary_search_functor<unsigned char *, thrust::THRUST_300001_SM_890_NS::system::detail::generic::detail::binary_search_less, thrust::THRUST_300001_SM_890_NS::system::detail::generic::detail::lbf>, thrust::THRUST_300001_SM_890_NS::zip_iterator<cuda::std::__4::tuple<thrust::THRUST_300001_SM_890_NS::detail::normal_iterator<thrust::THRUST_300001_SM_890_NS::pointer<unsigned char, thrust::THRUST_300001_SM_890_NS::cuda_cub::execute_on_stream_nosync, thrust::THRUST_300001_SM_890_NS::use_default, thrust::THRUST_300001_SM_890_NS::use_default>>, thrust::THRUST_300001_SM_890_NS::detail::normal_iterator<thrust::THRUST_300001_SM_890_NS::pointer<long long, thrust::THRUST_300001_SM_890_NS::cuda_cub::execute_on_stream_nosync, thrust::THRUST_300001_SM_890_NS::use_default, thrust::THRUST_300001_SM_890_NS::use_default>>>>>>(T2, T3)"
0.0,6495648,8000,812.0,800.0,736,1056,25.3,"void cub::CUB_300001_SM_890::detail::scan::DeviceCompactInitKernel<cub::CUB_300001_SM_890::ScanTileState<int, (bool)1>, long long *>(T1, int, T2)"
